Paradigm1;Paradigm2;I;R1;R2;M;TC;NDO;TotalMC
descriptive declarative programming;first-order functional programming;8.333333333333333e-2;0.0;0.16666666666666666;0.16666666666666666;0.0;0.16666666666666666;0.5833333333333333
descriptive declarative programming;functional programming;5.555555555555555e-2;0.0;0.16666666666666666;0.16666666666666666;0.0;0.16666666666666666;0.5555555555555555
descriptive declarative programming;imperative programming;5.555555555555555e-2;0.0;0.16666666666666666;0.0;0.0;0.16666666666666666;0.38888888888888884
descriptive declarative programming;deterministic logic programming;4.1666666666666664e-2;0.0;0.0;0.0;0.0;0.16666666666666666;0.20833333333333331
descriptive declarative programming;lazy functional programming;4.1666666666666664e-2;0.0;0.0;0.16666666666666666;0.0;0.16666666666666666;0.375
descriptive declarative programming;continuation programming;4.1666666666666664e-2;0.0;0.0;0.16666666666666666;0.0;0.16666666666666666;0.375
descriptive declarative programming;adt functional programming;4.1666666666666664e-2;0.0;0.0;0.0;0.0;0.16666666666666666;0.20833333333333331
descriptive declarative programming;event loop programming;4.1666666666666664e-2;0.0;0.0;0.0;0.0;0.16666666666666666;0.20833333333333331
descriptive declarative programming;stateful functional programming;4.1666666666666664e-2;0.0;0.0;0.0;0.0;0.16666666666666666;0.20833333333333331
descriptive declarative programming;guarded command programming;4.1666666666666664e-2;0.0;0.0;0.0;0.0;0.0;4.1666666666666664e-2
descriptive declarative programming;imperative search programming;4.1666666666666664e-2;0.0;0.0;0.0;0.0;0.16666666666666666;0.20833333333333331
descriptive declarative programming;sequential object oriented programming;4.1666666666666664e-2;0.0;0.0;0.0;0.0;0.16666666666666666;0.20833333333333331
descriptive declarative programming;relational and logic programming;3.333333333333333e-2;0.0;0.0;0.0;0.0;0.16666666666666666;0.19999999999999998
descriptive declarative programming;monotonic dataflow programming;3.333333333333333e-2;0.0;0.0;0.0;0.0;0.16666666666666666;0.19999999999999998
descriptive declarative programming;declarative concurrent programming;3.333333333333333e-2;0.0;0.0;0.0;0.0;0.16666666666666666;0.19999999999999998
descriptive declarative programming;adt imperative programming;3.333333333333333e-2;0.0;0.0;0.0;0.0;0.16666666666666666;0.19999999999999998
descriptive declarative programming;multi agent programming;3.333333333333333e-2;0.0;0.0;0.0;0.0;0.0;3.333333333333333e-2
descriptive declarative programming;shared state concurrent programming;3.333333333333333e-2;0.0;0.0;0.0;0.0;0.0;3.333333333333333e-2
descriptive declarative programming;concurrent object oriented programming;3.333333333333333e-2;0.0;0.0;0.0;0.0;0.0;3.333333333333333e-2
descriptive declarative programming;constraint logic programming;2.7777777777777776e-2;0.0;0.0;0.0;0.0;0.16666666666666666;0.19444444444444442
descriptive declarative programming;lazy declarative concurrent programming;2.7777777777777776e-2;0.0;0.0;0.16666666666666666;0.0;0.16666666666666666;0.36111111111111105
descriptive declarative programming;nonmonotonic dataflow programming;2.7777777777777776e-2;0.0;0.0;0.0;0.0;0.0;2.7777777777777776e-2
descriptive declarative programming;multi agent dataflow programming;2.7777777777777776e-2;0.0;0.0;0.0;0.0;0.0;2.7777777777777776e-2
descriptive declarative programming;active object programming;2.7777777777777776e-2;0.0;0.0;0.0;0.0;0.0;2.7777777777777776e-2
descriptive declarative programming;concurrent constraint programming;2.3809523809523808e-2;0.0;0.0;0.0;0.0;0.16666666666666666;0.19047619047619047
descriptive declarative programming;continuous synchronous programming;2.3809523809523808e-2;0.0;0.0;0.0;0.0;0.0;2.3809523809523808e-2
descriptive declarative programming;lazy concurrent constraint programming;2.0833333333333332e-2;0.0;0.0;0.0;0.0;0.16666666666666666;0.1875
descriptive declarative programming;discrete synchronous programming;2.0833333333333332e-2;0.0;0.0;0.0;0.0;0.16666666666666666;0.1875
first-order functional programming;functional programming;0.1111111111111111;0.0;0.16666666666666666;0.16666666666666666;0.16666666666666666;0.16666666666666666;0.7777777777777777
first-order functional programming;imperative programming;0.1111111111111111;0.0;0.16666666666666666;0.0;0.16666666666666666;0.16666666666666666;0.611111111111111
first-order functional programming;deterministic logic programming;8.333333333333333e-2;0.0;0.16666666666666666;0.0;0.16666666666666666;0.16666666666666666;0.5833333333333333
first-order functional programming;lazy functional programming;8.333333333333333e-2;0.0;0.16666666666666666;0.16666666666666666;0.16666666666666666;0.16666666666666666;0.7499999999999999
first-order functional programming;continuation programming;8.333333333333333e-2;0.0;0.16666666666666666;0.16666666666666666;0.16666666666666666;0.16666666666666666;0.7499999999999999
first-order functional programming;adt functional programming;8.333333333333333e-2;0.0;0.16666666666666666;0.0;0.16666666666666666;0.16666666666666666;0.5833333333333333
first-order functional programming;event loop programming;8.333333333333333e-2;0.0;0.16666666666666666;0.0;0.16666666666666666;0.16666666666666666;0.5833333333333333
first-order functional programming;stateful functional programming;8.333333333333333e-2;0.0;0.16666666666666666;0.0;0.16666666666666666;0.16666666666666666;0.5833333333333333
first-order functional programming;guarded command programming;8.333333333333333e-2;0.0;0.16666666666666666;0.0;0.16666666666666666;0.0;0.41666666666666663
first-order functional programming;imperative search programming;8.333333333333333e-2;0.0;0.16666666666666666;0.0;0.16666666666666666;0.16666666666666666;0.5833333333333333
first-order functional programming;sequential object oriented programming;8.333333333333333e-2;0.0;0.16666666666666666;0.0;0.16666666666666666;0.16666666666666666;0.5833333333333333
first-order functional programming;relational and logic programming;6.666666666666667e-2;0.0;0.0;0.0;0.16666666666666666;0.16666666666666666;0.4
first-order functional programming;monotonic dataflow programming;6.666666666666667e-2;0.0;0.16666666666666666;0.0;0.16666666666666666;0.16666666666666666;0.5666666666666667
first-order functional programming;declarative concurrent programming;6.666666666666667e-2;0.0;0.16666666666666666;0.0;0.16666666666666666;0.16666666666666666;0.5666666666666667
first-order functional programming;adt imperative programming;6.666666666666667e-2;0.0;0.0;0.0;0.16666666666666666;0.16666666666666666;0.4
first-order functional programming;multi agent programming;6.666666666666667e-2;0.0;0.0;0.0;0.16666666666666666;0.0;0.23333333333333334
first-order functional programming;shared state concurrent programming;6.666666666666667e-2;0.0;0.0;0.0;0.16666666666666666;0.0;0.23333333333333334
first-order functional programming;concurrent object oriented programming;6.666666666666667e-2;0.0;0.0;0.0;0.16666666666666666;0.0;0.23333333333333334
first-order functional programming;constraint logic programming;5.555555555555555e-2;0.0;0.0;0.0;0.16666666666666666;0.16666666666666666;0.38888888888888884
first-order functional programming;lazy declarative concurrent programming;5.555555555555555e-2;0.0;0.0;0.16666666666666666;0.16666666666666666;0.16666666666666666;0.5555555555555555
first-order functional programming;nonmonotonic dataflow programming;5.555555555555555e-2;0.0;0.0;0.0;0.16666666666666666;0.0;0.2222222222222222
first-order functional programming;multi agent dataflow programming;5.555555555555555e-2;0.0;0.0;0.0;0.16666666666666666;0.0;0.2222222222222222
first-order functional programming;active object programming;5.555555555555555e-2;0.0;0.0;0.0;0.16666666666666666;0.0;0.2222222222222222
first-order functional programming;concurrent constraint programming;4.7619047619047616e-2;0.0;0.0;0.0;0.16666666666666666;0.16666666666666666;0.38095238095238093
first-order functional programming;continuous synchronous programming;4.7619047619047616e-2;0.0;0.0;0.0;0.16666666666666666;0.0;0.21428571428571427
first-order functional programming;lazy concurrent constraint programming;4.1666666666666664e-2;0.0;0.0;0.0;0.16666666666666666;0.16666666666666666;0.375
first-order functional programming;discrete synchronous programming;4.1666666666666664e-2;0.0;0.0;0.0;0.16666666666666666;0.16666666666666666;0.375
functional programming;imperative programming;8.333333333333333e-2;0.0;0.0;0.0;0.16666666666666666;0.16666666666666666;0.41666666666666663
functional programming;deterministic logic programming;0.125;0.0;0.16666666666666666;0.0;0.16666666666666666;0.16666666666666666;0.6249999999999999
functional programming;lazy functional programming;0.125;0.0;0.16666666666666666;0.16666666666666666;0.16666666666666666;0.16666666666666666;0.7916666666666665
functional programming;continuation programming;0.125;0.0;0.16666666666666666;0.16666666666666666;0.16666666666666666;0.16666666666666666;0.7916666666666665
functional programming;adt functional programming;0.125;0.0;0.16666666666666666;0.0;0.16666666666666666;0.16666666666666666;0.6249999999999999
functional programming;event loop programming;0.125;0.0;0.16666666666666666;0.0;0.16666666666666666;0.16666666666666666;0.6249999999999999
functional programming;stateful functional programming;0.125;0.0;0.16666666666666666;0.0;0.16666666666666666;0.16666666666666666;0.6249999999999999
functional programming;guarded command programming;6.666666666666667e-2;0.0;0.0;0.0;0.16666666666666666;0.0;0.23333333333333334
functional programming;imperative search programming;6.666666666666667e-2;0.0;0.0;0.0;0.16666666666666666;0.16666666666666666;0.4
functional programming;sequential object oriented programming;0.125;0.0;0.0;0.0;0.16666666666666666;0.16666666666666666;0.45833333333333326
functional programming;relational and logic programming;9.999999999999999e-2;0.0;0.16666666666666666;0.0;0.16666666666666666;0.16666666666666666;0.6
functional programming;monotonic dataflow programming;9.999999999999999e-2;0.0;0.16666666666666666;0.0;0.16666666666666666;0.16666666666666666;0.6
functional programming;declarative concurrent programming;9.999999999999999e-2;0.0;0.16666666666666666;0.0;0.16666666666666666;0.16666666666666666;0.6
functional programming;adt imperative programming;9.999999999999999e-2;0.0;0.16666666666666666;0.0;0.16666666666666666;0.16666666666666666;0.6
functional programming;multi agent programming;9.999999999999999e-2;0.0;0.16666666666666666;0.0;0.16666666666666666;0.0;0.43333333333333335
functional programming;shared state concurrent programming;9.999999999999999e-2;0.0;0.16666666666666666;0.0;0.16666666666666666;0.0;0.43333333333333335
functional programming;concurrent object oriented programming;9.999999999999999e-2;0.0;0.0;0.0;0.16666666666666666;0.0;0.26666666666666666
functional programming;constraint logic programming;8.333333333333333e-2;0.0;0.0;0.0;0.16666666666666666;0.16666666666666666;0.41666666666666663
functional programming;lazy declarative concurrent programming;8.333333333333333e-2;0.0;0.16666666666666666;0.16666666666666666;0.16666666666666666;0.16666666666666666;0.7499999999999999
functional programming;nonmonotonic dataflow programming;8.333333333333333e-2;0.0;0.16666666666666666;0.0;0.16666666666666666;0.0;0.41666666666666663
functional programming;multi agent dataflow programming;8.333333333333333e-2;0.0;0.16666666666666666;0.0;0.16666666666666666;0.0;0.41666666666666663
functional programming;active object programming;8.333333333333333e-2;0.0;0.0;0.0;0.16666666666666666;0.0;0.25
functional programming;concurrent constraint programming;7.142857142857142e-2;0.0;0.0;0.0;0.16666666666666666;0.16666666666666666;0.40476190476190477
functional programming;continuous synchronous programming;7.142857142857142e-2;0.0;0.0;0.0;0.16666666666666666;0.0;0.23809523809523808
functional programming;lazy concurrent constraint programming;6.25e-2;0.0;0.0;0.0;0.16666666666666666;0.16666666666666666;0.3958333333333333
functional programming;discrete synchronous programming;6.25e-2;0.0;0.0;0.0;0.16666666666666666;0.16666666666666666;0.3958333333333333
imperative programming;deterministic logic programming;6.666666666666667e-2;0.0;0.0;0.0;0.16666666666666666;0.16666666666666666;0.4
imperative programming;lazy functional programming;6.666666666666667e-2;0.0;0.0;0.0;0.16666666666666666;0.16666666666666666;0.4
imperative programming;continuation programming;6.666666666666667e-2;0.0;0.0;0.0;0.16666666666666666;0.16666666666666666;0.4
imperative programming;adt functional programming;6.666666666666667e-2;0.0;0.0;0.0;0.16666666666666666;0.16666666666666666;0.4
imperative programming;event loop programming;6.666666666666667e-2;0.0;0.0;0.0;0.16666666666666666;0.16666666666666666;0.4
imperative programming;stateful functional programming;0.125;0.0;0.0;0.16666666666666666;0.16666666666666666;0.16666666666666666;0.6249999999999999
imperative programming;guarded command programming;0.125;0.0;0.16666666666666666;0.0;0.16666666666666666;0.0;0.45833333333333326
imperative programming;imperative search programming;0.125;0.0;0.16666666666666666;0.0;0.16666666666666666;0.16666666666666666;0.6249999999999999
imperative programming;sequential object oriented programming;0.125;0.0;0.16666666666666666;0.16666666666666666;0.16666666666666666;0.16666666666666666;0.7916666666666665
imperative programming;relational and logic programming;5.555555555555555e-2;0.0;0.0;0.0;0.16666666666666666;0.16666666666666666;0.38888888888888884
imperative programming;monotonic dataflow programming;5.555555555555555e-2;0.0;0.0;0.0;0.16666666666666666;0.16666666666666666;0.38888888888888884
imperative programming;declarative concurrent programming;5.555555555555555e-2;0.0;0.0;0.0;0.16666666666666666;0.16666666666666666;0.38888888888888884
imperative programming;adt imperative programming;9.999999999999999e-2;0.0;0.0;0.16666666666666666;0.16666666666666666;0.16666666666666666;0.6
imperative programming;multi agent programming;5.555555555555555e-2;0.0;0.0;0.0;0.16666666666666666;0.0;0.2222222222222222
imperative programming;shared state concurrent programming;9.999999999999999e-2;0.0;0.0;0.16666666666666666;0.16666666666666666;0.0;0.43333333333333335
imperative programming;concurrent object oriented programming;9.999999999999999e-2;0.0;0.16666666666666666;0.16666666666666666;0.16666666666666666;0.0;0.6
imperative programming;constraint logic programming;4.7619047619047616e-2;0.0;0.0;0.0;0.16666666666666666;0.16666666666666666;0.38095238095238093
imperative programming;lazy declarative concurrent programming;4.7619047619047616e-2;0.0;0.0;0.0;0.16666666666666666;0.16666666666666666;0.38095238095238093
imperative programming;nonmonotonic dataflow programming;4.7619047619047616e-2;0.0;0.0;0.0;0.16666666666666666;0.0;0.21428571428571427
imperative programming;multi agent dataflow programming;4.7619047619047616e-2;0.0;0.0;0.0;0.16666666666666666;0.0;0.21428571428571427
imperative programming;active object programming;4.7619047619047616e-2;0.0;0.0;0.0;0.16666666666666666;0.0;0.21428571428571427
imperative programming;concurrent constraint programming;4.1666666666666664e-2;0.0;0.0;0.0;0.16666666666666666;0.16666666666666666;0.375
imperative programming;continuous synchronous programming;4.1666666666666664e-2;0.0;0.0;0.0;0.16666666666666666;0.0;0.20833333333333331
imperative programming;lazy concurrent constraint programming;3.7037037037037035e-2;0.0;0.0;0.0;0.16666666666666666;0.16666666666666666;0.37037037037037035
imperative programming;discrete synchronous programming;3.7037037037037035e-2;0.0;0.0;0.0;0.16666666666666666;0.16666666666666666;0.37037037037037035
deterministic logic programming;lazy functional programming;9.999999999999999e-2;0.0;0.0;0.0;0.16666666666666666;0.16666666666666666;0.43333333333333335
deterministic logic programming;continuation programming;9.999999999999999e-2;0.0;0.0;0.0;0.16666666666666666;0.16666666666666666;0.43333333333333335
deterministic logic programming;adt functional programming;9.999999999999999e-2;0.0;0.0;0.0;0.16666666666666666;0.16666666666666666;0.43333333333333335
deterministic logic programming;event loop programming;9.999999999999999e-2;0.0;0.0;0.0;0.16666666666666666;0.16666666666666666;0.43333333333333335
deterministic logic programming;stateful functional programming;9.999999999999999e-2;0.0;0.0;0.0;0.16666666666666666;0.16666666666666666;0.43333333333333335
deterministic logic programming;guarded command programming;5.555555555555555e-2;0.0;0.0;0.0;0.16666666666666666;0.0;0.2222222222222222
deterministic logic programming;imperative search programming;5.555555555555555e-2;0.0;0.0;0.0;0.16666666666666666;0.16666666666666666;0.38888888888888884
deterministic logic programming;sequential object oriented programming;9.999999999999999e-2;0.0;0.0;0.0;0.16666666666666666;0.16666666666666666;0.43333333333333335
deterministic logic programming;relational and logic programming;0.13333333333333333;0.0;0.16666666666666666;0.16666666666666666;0.16666666666666666;0.16666666666666666;0.7999999999999999
deterministic logic programming;monotonic dataflow programming;8.333333333333333e-2;0.0;0.0;0.0;0.16666666666666666;0.16666666666666666;0.41666666666666663
deterministic logic programming;declarative concurrent programming;8.333333333333333e-2;0.0;0.0;0.0;0.16666666666666666;0.16666666666666666;0.41666666666666663
deterministic logic programming;adt imperative programming;8.333333333333333e-2;0.0;0.0;0.0;0.16666666666666666;0.16666666666666666;0.41666666666666663
deterministic logic programming;multi agent programming;8.333333333333333e-2;0.0;0.0;0.0;0.16666666666666666;0.0;0.25
deterministic logic programming;shared state concurrent programming;8.333333333333333e-2;0.0;0.0;0.0;0.16666666666666666;0.0;0.25
deterministic logic programming;concurrent object oriented programming;8.333333333333333e-2;0.0;0.0;0.0;0.16666666666666666;0.0;0.25
deterministic logic programming;constraint logic programming;0.1111111111111111;0.0;0.16666666666666666;0.16666666666666666;0.16666666666666666;0.16666666666666666;0.7777777777777777
deterministic logic programming;lazy declarative concurrent programming;7.142857142857142e-2;0.0;0.0;0.0;0.16666666666666666;0.16666666666666666;0.40476190476190477
deterministic logic programming;nonmonotonic dataflow programming;7.142857142857142e-2;0.0;0.0;0.0;0.16666666666666666;0.0;0.23809523809523808
deterministic logic programming;multi agent dataflow programming;7.142857142857142e-2;0.0;0.0;0.0;0.16666666666666666;0.0;0.23809523809523808
deterministic logic programming;active object programming;7.142857142857142e-2;0.0;0.0;0.0;0.16666666666666666;0.0;0.23809523809523808
deterministic logic programming;concurrent constraint programming;9.523809523809523e-2;0.0;0.0;0.16666666666666666;0.16666666666666666;0.16666666666666666;0.5952380952380951
deterministic logic programming;continuous synchronous programming;6.25e-2;0.0;0.0;0.0;0.16666666666666666;0.0;0.22916666666666666
deterministic logic programming;lazy concurrent constraint programming;8.333333333333333e-2;0.0;0.0;0.16666666666666666;0.16666666666666666;0.16666666666666666;0.5833333333333333
deterministic logic programming;discrete synchronous programming;5.555555555555555e-2;0.0;0.0;0.0;0.16666666666666666;0.16666666666666666;0.38888888888888884
lazy functional programming;continuation programming;9.999999999999999e-2;0.0;0.0;0.16666666666666666;0.16666666666666666;0.16666666666666666;0.6
lazy functional programming;adt functional programming;9.999999999999999e-2;0.0;0.0;0.0;0.16666666666666666;0.16666666666666666;0.43333333333333335
lazy functional programming;event loop programming;9.999999999999999e-2;0.0;0.0;0.0;0.16666666666666666;0.16666666666666666;0.43333333333333335
lazy functional programming;stateful functional programming;9.999999999999999e-2;0.0;0.0;0.0;0.16666666666666666;0.16666666666666666;0.43333333333333335
lazy functional programming;guarded command programming;5.555555555555555e-2;0.0;0.0;0.0;0.16666666666666666;0.0;0.2222222222222222
lazy functional programming;imperative search programming;5.555555555555555e-2;0.0;0.0;0.0;0.16666666666666666;0.16666666666666666;0.38888888888888884
lazy functional programming;sequential object oriented programming;9.999999999999999e-2;0.0;0.0;0.0;0.16666666666666666;0.16666666666666666;0.43333333333333335
lazy functional programming;relational and logic programming;8.333333333333333e-2;0.0;0.0;0.0;0.16666666666666666;0.16666666666666666;0.41666666666666663
lazy functional programming;monotonic dataflow programming;8.333333333333333e-2;0.0;0.0;0.0;0.16666666666666666;0.16666666666666666;0.41666666666666663
lazy functional programming;declarative concurrent programming;8.333333333333333e-2;0.0;0.0;0.0;0.16666666666666666;0.16666666666666666;0.41666666666666663
lazy functional programming;adt imperative programming;8.333333333333333e-2;0.0;0.0;0.0;0.16666666666666666;0.16666666666666666;0.41666666666666663
lazy functional programming;multi agent programming;8.333333333333333e-2;0.0;0.0;0.0;0.16666666666666666;0.0;0.25
lazy functional programming;shared state concurrent programming;8.333333333333333e-2;0.0;0.0;0.0;0.16666666666666666;0.0;0.25
lazy functional programming;concurrent object oriented programming;8.333333333333333e-2;0.0;0.0;0.0;0.16666666666666666;0.0;0.25
lazy functional programming;constraint logic programming;7.142857142857142e-2;0.0;0.0;0.0;0.16666666666666666;0.16666666666666666;0.40476190476190477
lazy functional programming;lazy declarative concurrent programming;0.1111111111111111;0.0;0.16666666666666666;0.16666666666666666;0.16666666666666666;0.16666666666666666;0.7777777777777777
lazy functional programming;nonmonotonic dataflow programming;7.142857142857142e-2;0.0;0.0;0.0;0.16666666666666666;0.0;0.23809523809523808
lazy functional programming;multi agent dataflow programming;7.142857142857142e-2;0.0;0.0;0.0;0.16666666666666666;0.0;0.23809523809523808
lazy functional programming;active object programming;7.142857142857142e-2;0.0;0.0;0.0;0.16666666666666666;0.0;0.23809523809523808
lazy functional programming;concurrent constraint programming;6.25e-2;0.0;0.0;0.0;0.16666666666666666;0.16666666666666666;0.3958333333333333
lazy functional programming;continuous synchronous programming;6.25e-2;0.0;0.0;0.0;0.16666666666666666;0.0;0.22916666666666666
lazy functional programming;lazy concurrent constraint programming;8.333333333333333e-2;0.0;0.0;0.0;0.16666666666666666;0.16666666666666666;0.41666666666666663
lazy functional programming;discrete synchronous programming;5.555555555555555e-2;0.0;0.0;0.0;0.16666666666666666;0.16666666666666666;0.38888888888888884
continuation programming;adt functional programming;9.999999999999999e-2;0.0;0.0;0.0;0.16666666666666666;0.16666666666666666;0.43333333333333335
continuation programming;event loop programming;9.999999999999999e-2;0.0;0.0;0.0;0.16666666666666666;0.16666666666666666;0.43333333333333335
continuation programming;stateful functional programming;9.999999999999999e-2;0.0;0.0;0.0;0.16666666666666666;0.16666666666666666;0.43333333333333335
continuation programming;guarded command programming;5.555555555555555e-2;0.0;0.0;0.0;0.16666666666666666;0.0;0.2222222222222222
continuation programming;imperative search programming;5.555555555555555e-2;0.0;0.0;0.0;0.16666666666666666;0.16666666666666666;0.38888888888888884
continuation programming;sequential object oriented programming;9.999999999999999e-2;0.0;0.0;0.0;0.16666666666666666;0.16666666666666666;0.43333333333333335
continuation programming;relational and logic programming;8.333333333333333e-2;0.0;0.0;0.0;0.16666666666666666;0.16666666666666666;0.41666666666666663
continuation programming;monotonic dataflow programming;8.333333333333333e-2;0.0;0.0;0.0;0.16666666666666666;0.16666666666666666;0.41666666666666663
continuation programming;declarative concurrent programming;8.333333333333333e-2;0.0;0.0;0.0;0.16666666666666666;0.16666666666666666;0.41666666666666663
continuation programming;adt imperative programming;8.333333333333333e-2;0.0;0.0;0.0;0.16666666666666666;0.16666666666666666;0.41666666666666663
continuation programming;multi agent programming;8.333333333333333e-2;0.0;0.0;0.0;0.16666666666666666;0.0;0.25
continuation programming;shared state concurrent programming;8.333333333333333e-2;0.0;0.0;0.0;0.16666666666666666;0.0;0.25
continuation programming;concurrent object oriented programming;8.333333333333333e-2;0.0;0.0;0.0;0.16666666666666666;0.0;0.25
continuation programming;constraint logic programming;7.142857142857142e-2;0.0;0.0;0.0;0.16666666666666666;0.16666666666666666;0.40476190476190477
continuation programming;lazy declarative concurrent programming;7.142857142857142e-2;0.0;0.0;0.16666666666666666;0.16666666666666666;0.16666666666666666;0.5714285714285714
continuation programming;nonmonotonic dataflow programming;7.142857142857142e-2;0.0;0.0;0.0;0.16666666666666666;0.0;0.23809523809523808
continuation programming;multi agent dataflow programming;7.142857142857142e-2;0.0;0.0;0.0;0.16666666666666666;0.0;0.23809523809523808
continuation programming;active object programming;7.142857142857142e-2;0.0;0.0;0.0;0.16666666666666666;0.0;0.23809523809523808
continuation programming;concurrent constraint programming;6.25e-2;0.0;0.0;0.0;0.16666666666666666;0.16666666666666666;0.3958333333333333
continuation programming;continuous synchronous programming;6.25e-2;0.0;0.0;0.0;0.16666666666666666;0.0;0.22916666666666666
continuation programming;lazy concurrent constraint programming;5.555555555555555e-2;0.0;0.0;0.0;0.16666666666666666;0.16666666666666666;0.38888888888888884
continuation programming;discrete synchronous programming;5.555555555555555e-2;0.0;0.0;0.0;0.16666666666666666;0.16666666666666666;0.38888888888888884
adt functional programming;event loop programming;9.999999999999999e-2;0.0;0.0;0.0;0.16666666666666666;0.16666666666666666;0.43333333333333335
adt functional programming;stateful functional programming;9.999999999999999e-2;0.0;0.0;0.0;0.16666666666666666;0.16666666666666666;0.43333333333333335
adt functional programming;guarded command programming;5.555555555555555e-2;0.0;0.0;0.0;0.16666666666666666;0.0;0.2222222222222222
adt functional programming;imperative search programming;5.555555555555555e-2;0.0;0.0;0.0;0.16666666666666666;0.16666666666666666;0.38888888888888884
adt functional programming;sequential object oriented programming;9.999999999999999e-2;0.0;0.0;0.0;0.16666666666666666;0.16666666666666666;0.43333333333333335
adt functional programming;relational and logic programming;8.333333333333333e-2;0.0;0.0;0.0;0.16666666666666666;0.16666666666666666;0.41666666666666663
adt functional programming;monotonic dataflow programming;8.333333333333333e-2;0.0;0.0;0.0;0.16666666666666666;0.16666666666666666;0.41666666666666663
adt functional programming;declarative concurrent programming;8.333333333333333e-2;0.0;0.0;0.0;0.16666666666666666;0.16666666666666666;0.41666666666666663
adt functional programming;adt imperative programming;0.13333333333333333;0.0;0.16666666666666666;0.0;0.16666666666666666;0.16666666666666666;0.6333333333333333
adt functional programming;multi agent programming;8.333333333333333e-2;0.0;0.0;0.0;0.16666666666666666;0.0;0.25
adt functional programming;shared state concurrent programming;8.333333333333333e-2;0.0;0.0;0.0;0.16666666666666666;0.0;0.25
adt functional programming;concurrent object oriented programming;8.333333333333333e-2;0.0;0.0;0.0;0.16666666666666666;0.0;0.25
adt functional programming;constraint logic programming;7.142857142857142e-2;0.0;0.0;0.0;0.16666666666666666;0.16666666666666666;0.40476190476190477
adt functional programming;lazy declarative concurrent programming;7.142857142857142e-2;0.0;0.0;0.0;0.16666666666666666;0.16666666666666666;0.40476190476190477
adt functional programming;nonmonotonic dataflow programming;7.142857142857142e-2;0.0;0.0;0.0;0.16666666666666666;0.0;0.23809523809523808
adt functional programming;multi agent dataflow programming;7.142857142857142e-2;0.0;0.0;0.0;0.16666666666666666;0.0;0.23809523809523808
adt functional programming;active object programming;7.142857142857142e-2;0.0;0.0;0.0;0.16666666666666666;0.0;0.23809523809523808
adt functional programming;concurrent constraint programming;6.25e-2;0.0;0.0;0.0;0.16666666666666666;0.16666666666666666;0.3958333333333333
adt functional programming;continuous synchronous programming;6.25e-2;0.0;0.0;0.0;0.16666666666666666;0.0;0.22916666666666666
adt functional programming;lazy concurrent constraint programming;5.555555555555555e-2;0.0;0.0;0.0;0.16666666666666666;0.16666666666666666;0.38888888888888884
adt functional programming;discrete synchronous programming;5.555555555555555e-2;0.0;0.0;0.0;0.16666666666666666;0.16666666666666666;0.38888888888888884
event loop programming;stateful functional programming;9.999999999999999e-2;0.0;0.0;0.0;0.16666666666666666;0.16666666666666666;0.43333333333333335
event loop programming;guarded command programming;5.555555555555555e-2;0.0;0.0;0.0;0.16666666666666666;0.0;0.2222222222222222
event loop programming;imperative search programming;5.555555555555555e-2;0.0;0.0;0.0;0.16666666666666666;0.16666666666666666;0.38888888888888884
event loop programming;sequential object oriented programming;9.999999999999999e-2;0.0;0.0;0.0;0.16666666666666666;0.16666666666666666;0.43333333333333335
event loop programming;relational and logic programming;8.333333333333333e-2;0.0;0.0;0.0;0.16666666666666666;0.16666666666666666;0.41666666666666663
event loop programming;monotonic dataflow programming;8.333333333333333e-2;0.0;0.0;0.0;0.16666666666666666;0.16666666666666666;0.41666666666666663
event loop programming;declarative concurrent programming;8.333333333333333e-2;0.0;0.0;0.0;0.16666666666666666;0.16666666666666666;0.41666666666666663
event loop programming;adt imperative programming;8.333333333333333e-2;0.0;0.0;0.0;0.16666666666666666;0.16666666666666666;0.41666666666666663
event loop programming;multi agent programming;0.13333333333333333;0.0;0.16666666666666666;0.16666666666666666;0.16666666666666666;0.0;0.6333333333333333
event loop programming;shared state concurrent programming;8.333333333333333e-2;0.0;0.0;0.0;0.16666666666666666;0.0;0.25
event loop programming;concurrent object oriented programming;8.333333333333333e-2;0.0;0.0;0.0;0.16666666666666666;0.0;0.25
event loop programming;constraint logic programming;7.142857142857142e-2;0.0;0.0;0.0;0.16666666666666666;0.16666666666666666;0.40476190476190477
event loop programming;lazy declarative concurrent programming;7.142857142857142e-2;0.0;0.0;0.0;0.16666666666666666;0.16666666666666666;0.40476190476190477
event loop programming;nonmonotonic dataflow programming;7.142857142857142e-2;0.0;0.0;0.0;0.16666666666666666;0.0;0.23809523809523808
event loop programming;multi agent dataflow programming;0.1111111111111111;0.0;0.0;0.0;0.16666666666666666;0.0;0.2777777777777778
event loop programming;active object programming;0.1111111111111111;0.0;0.16666666666666666;0.16666666666666666;0.16666666666666666;0.0;0.611111111111111
event loop programming;concurrent constraint programming;6.25e-2;0.0;0.0;0.0;0.16666666666666666;0.16666666666666666;0.3958333333333333
event loop programming;continuous synchronous programming;6.25e-2;0.0;0.0;0.0;0.16666666666666666;0.0;0.22916666666666666
event loop programming;lazy concurrent constraint programming;5.555555555555555e-2;0.0;0.0;0.0;0.16666666666666666;0.16666666666666666;0.38888888888888884
event loop programming;discrete synchronous programming;5.555555555555555e-2;0.0;0.0;0.0;0.16666666666666666;0.16666666666666666;0.38888888888888884
stateful functional programming;guarded command programming;9.999999999999999e-2;0.0;0.0;0.0;0.16666666666666666;0.0;0.26666666666666666
stateful functional programming;imperative search programming;9.999999999999999e-2;0.0;0.0;0.0;0.16666666666666666;0.16666666666666666;0.43333333333333335
stateful functional programming;sequential object oriented programming;0.16666666666666666;0.0;0.0;0.16666666666666666;0.16666666666666666;0.16666666666666666;0.6666666666666666
stateful functional programming;relational and logic programming;8.333333333333333e-2;0.0;0.0;0.0;0.16666666666666666;0.16666666666666666;0.41666666666666663
stateful functional programming;monotonic dataflow programming;8.333333333333333e-2;0.0;0.0;0.0;0.16666666666666666;0.16666666666666666;0.41666666666666663
stateful functional programming;declarative concurrent programming;8.333333333333333e-2;0.0;0.0;0.0;0.16666666666666666;0.16666666666666666;0.41666666666666663
stateful functional programming;adt imperative programming;0.13333333333333333;0.0;0.0;0.16666666666666666;0.16666666666666666;0.16666666666666666;0.6333333333333333
stateful functional programming;multi agent programming;8.333333333333333e-2;0.0;0.0;0.0;0.16666666666666666;0.0;0.25
stateful functional programming;shared state concurrent programming;0.13333333333333333;0.0;0.16666666666666666;0.16666666666666666;0.16666666666666666;0.0;0.6333333333333333
stateful functional programming;concurrent object oriented programming;0.13333333333333333;0.0;0.0;0.16666666666666666;0.16666666666666666;0.0;0.4666666666666667
stateful functional programming;constraint logic programming;7.142857142857142e-2;0.0;0.0;0.0;0.16666666666666666;0.16666666666666666;0.40476190476190477
stateful functional programming;lazy declarative concurrent programming;7.142857142857142e-2;0.0;0.0;0.0;0.16666666666666666;0.16666666666666666;0.40476190476190477
stateful functional programming;nonmonotonic dataflow programming;7.142857142857142e-2;0.0;0.0;0.0;0.16666666666666666;0.0;0.23809523809523808
stateful functional programming;multi agent dataflow programming;7.142857142857142e-2;0.0;0.0;0.0;0.16666666666666666;0.0;0.23809523809523808
stateful functional programming;active object programming;7.142857142857142e-2;0.0;0.0;0.0;0.16666666666666666;0.0;0.23809523809523808
stateful functional programming;concurrent constraint programming;6.25e-2;0.0;0.0;0.0;0.16666666666666666;0.16666666666666666;0.3958333333333333
stateful functional programming;continuous synchronous programming;6.25e-2;0.0;0.0;0.0;0.16666666666666666;0.0;0.22916666666666666
stateful functional programming;lazy concurrent constraint programming;5.555555555555555e-2;0.0;0.0;0.0;0.16666666666666666;0.16666666666666666;0.38888888888888884
stateful functional programming;discrete synchronous programming;5.555555555555555e-2;0.0;0.0;0.0;0.16666666666666666;0.16666666666666666;0.38888888888888884
guarded command programming;imperative search programming;9.999999999999999e-2;0.0;0.0;0.0;0.16666666666666666;0.0;0.26666666666666666
guarded command programming;sequential object oriented programming;9.999999999999999e-2;0.0;0.0;0.0;0.16666666666666666;0.0;0.26666666666666666
guarded command programming;relational and logic programming;4.7619047619047616e-2;0.0;0.0;0.0;0.16666666666666666;0.0;0.21428571428571427
guarded command programming;monotonic dataflow programming;4.7619047619047616e-2;0.0;0.0;0.0;0.16666666666666666;0.0;0.21428571428571427
guarded command programming;declarative concurrent programming;4.7619047619047616e-2;0.0;0.0;0.0;0.16666666666666666;0.0;0.21428571428571427
guarded command programming;adt imperative programming;8.333333333333333e-2;0.0;0.0;0.0;0.16666666666666666;0.0;0.25
guarded command programming;multi agent programming;4.7619047619047616e-2;0.0;0.0;0.0;0.16666666666666666;0.16666666666666666;0.38095238095238093
guarded command programming;shared state concurrent programming;8.333333333333333e-2;0.0;0.0;0.0;0.16666666666666666;0.16666666666666666;0.41666666666666663
guarded command programming;concurrent object oriented programming;8.333333333333333e-2;0.0;0.0;0.0;0.16666666666666666;0.16666666666666666;0.41666666666666663
guarded command programming;constraint logic programming;4.1666666666666664e-2;0.0;0.0;0.0;0.16666666666666666;0.0;0.20833333333333331
guarded command programming;lazy declarative concurrent programming;4.1666666666666664e-2;0.0;0.0;0.0;0.16666666666666666;0.0;0.20833333333333331
guarded command programming;nonmonotonic dataflow programming;7.142857142857142e-2;0.0;0.0;0.0;0.16666666666666666;0.16666666666666666;0.40476190476190477
guarded command programming;multi agent dataflow programming;4.1666666666666664e-2;0.0;0.0;0.0;0.16666666666666666;0.16666666666666666;0.375
guarded command programming;active object programming;4.1666666666666664e-2;0.0;0.0;0.0;0.16666666666666666;0.16666666666666666;0.375
guarded command programming;concurrent constraint programming;3.7037037037037035e-2;0.0;0.0;0.0;0.16666666666666666;0.0;0.2037037037037037
guarded command programming;continuous synchronous programming;6.25e-2;0.0;0.0;0.0;0.16666666666666666;0.16666666666666666;0.3958333333333333
guarded command programming;lazy concurrent constraint programming;3.333333333333333e-2;0.0;0.0;0.0;0.16666666666666666;0.0;0.19999999999999998
guarded command programming;discrete synchronous programming;5.555555555555555e-2;0.0;0.0;0.0;0.16666666666666666;0.0;0.2222222222222222
imperative search programming;sequential object oriented programming;9.999999999999999e-2;0.0;0.0;0.0;0.16666666666666666;0.16666666666666666;0.43333333333333335
imperative search programming;relational and logic programming;8.333333333333333e-2;0.0;0.0;0.0;0.16666666666666666;0.16666666666666666;0.41666666666666663
imperative search programming;monotonic dataflow programming;4.7619047619047616e-2;0.0;0.0;0.0;0.16666666666666666;0.16666666666666666;0.38095238095238093
imperative search programming;declarative concurrent programming;4.7619047619047616e-2;0.0;0.0;0.0;0.16666666666666666;0.16666666666666666;0.38095238095238093
imperative search programming;adt imperative programming;8.333333333333333e-2;0.0;0.0;0.0;0.16666666666666666;0.16666666666666666;0.41666666666666663
imperative search programming;multi agent programming;4.7619047619047616e-2;0.0;0.0;0.0;0.16666666666666666;0.0;0.21428571428571427
imperative search programming;shared state concurrent programming;8.333333333333333e-2;0.0;0.0;0.0;0.16666666666666666;0.0;0.25
imperative search programming;concurrent object oriented programming;8.333333333333333e-2;0.0;0.0;0.0;0.16666666666666666;0.0;0.25
imperative search programming;constraint logic programming;7.142857142857142e-2;0.0;0.0;0.0;0.16666666666666666;0.16666666666666666;0.40476190476190477
imperative search programming;lazy declarative concurrent programming;4.1666666666666664e-2;0.0;0.0;0.0;0.16666666666666666;0.16666666666666666;0.375
imperative search programming;nonmonotonic dataflow programming;4.1666666666666664e-2;0.0;0.0;0.0;0.16666666666666666;0.0;0.20833333333333331
imperative search programming;multi agent dataflow programming;4.1666666666666664e-2;0.0;0.0;0.0;0.16666666666666666;0.0;0.20833333333333331
imperative search programming;active object programming;4.1666666666666664e-2;0.0;0.0;0.0;0.16666666666666666;0.0;0.20833333333333331
imperative search programming;concurrent constraint programming;6.25e-2;0.0;0.0;0.0;0.16666666666666666;0.16666666666666666;0.3958333333333333
imperative search programming;continuous synchronous programming;3.7037037037037035e-2;0.0;0.0;0.0;0.16666666666666666;0.0;0.2037037037037037
imperative search programming;lazy concurrent constraint programming;5.555555555555555e-2;0.0;0.0;0.0;0.16666666666666666;0.16666666666666666;0.38888888888888884
imperative search programming;discrete synchronous programming;3.333333333333333e-2;0.0;0.0;0.0;0.16666666666666666;0.16666666666666666;0.36666666666666664
sequential object oriented programming;relational and logic programming;8.333333333333333e-2;0.0;0.0;0.0;0.16666666666666666;0.16666666666666666;0.41666666666666663
sequential object oriented programming;monotonic dataflow programming;8.333333333333333e-2;0.0;0.0;0.0;0.16666666666666666;0.16666666666666666;0.41666666666666663
sequential object oriented programming;declarative concurrent programming;8.333333333333333e-2;0.0;0.0;0.0;0.16666666666666666;0.16666666666666666;0.41666666666666663
sequential object oriented programming;adt imperative programming;0.13333333333333333;0.0;0.0;0.16666666666666666;0.16666666666666666;0.16666666666666666;0.6333333333333333
sequential object oriented programming;multi agent programming;8.333333333333333e-2;0.0;0.0;0.0;0.16666666666666666;0.0;0.25
sequential object oriented programming;shared state concurrent programming;0.13333333333333333;0.0;0.0;0.16666666666666666;0.16666666666666666;0.0;0.4666666666666667
sequential object oriented programming;concurrent object oriented programming;0.13333333333333333;0.0;0.16666666666666666;0.16666666666666666;0.16666666666666666;0.0;0.6333333333333333
sequential object oriented programming;constraint logic programming;7.142857142857142e-2;0.0;0.0;0.0;0.16666666666666666;0.16666666666666666;0.40476190476190477
sequential object oriented programming;lazy declarative concurrent programming;7.142857142857142e-2;0.0;0.0;0.0;0.16666666666666666;0.16666666666666666;0.40476190476190477
sequential object oriented programming;nonmonotonic dataflow programming;7.142857142857142e-2;0.0;0.0;0.0;0.16666666666666666;0.0;0.23809523809523808
sequential object oriented programming;multi agent dataflow programming;7.142857142857142e-2;0.0;0.0;0.0;0.16666666666666666;0.0;0.23809523809523808
sequential object oriented programming;active object programming;7.142857142857142e-2;0.0;0.0;0.0;0.16666666666666666;0.0;0.23809523809523808
sequential object oriented programming;concurrent constraint programming;6.25e-2;0.0;0.0;0.0;0.16666666666666666;0.16666666666666666;0.3958333333333333
sequential object oriented programming;continuous synchronous programming;6.25e-2;0.0;0.0;0.0;0.16666666666666666;0.0;0.22916666666666666
sequential object oriented programming;lazy concurrent constraint programming;5.555555555555555e-2;0.0;0.0;0.0;0.16666666666666666;0.16666666666666666;0.38888888888888884
sequential object oriented programming;discrete synchronous programming;5.555555555555555e-2;0.0;0.0;0.0;0.16666666666666666;0.16666666666666666;0.38888888888888884
relational and logic programming;monotonic dataflow programming;7.142857142857142e-2;0.0;0.0;0.0;0.16666666666666666;0.16666666666666666;0.40476190476190477
relational and logic programming;declarative concurrent programming;7.142857142857142e-2;0.0;0.0;0.0;0.16666666666666666;0.16666666666666666;0.40476190476190477
relational and logic programming;adt imperative programming;7.142857142857142e-2;0.0;0.0;0.0;0.16666666666666666;0.16666666666666666;0.40476190476190477
relational and logic programming;multi agent programming;7.142857142857142e-2;0.0;0.0;0.0;0.16666666666666666;0.0;0.23809523809523808
relational and logic programming;shared state concurrent programming;7.142857142857142e-2;0.0;0.0;0.0;0.16666666666666666;0.0;0.23809523809523808
relational and logic programming;concurrent object oriented programming;7.142857142857142e-2;0.0;0.0;0.0;0.16666666666666666;0.0;0.23809523809523808
relational and logic programming;constraint logic programming;0.1388888888888889;0.0;0.16666666666666666;0.16666666666666666;0.16666666666666666;0.16666666666666666;0.8055555555555555
relational and logic programming;lazy declarative concurrent programming;6.25e-2;0.0;0.0;0.0;0.16666666666666666;0.16666666666666666;0.3958333333333333
relational and logic programming;nonmonotonic dataflow programming;6.25e-2;0.0;0.0;0.0;0.16666666666666666;0.0;0.22916666666666666
relational and logic programming;multi agent dataflow programming;6.25e-2;0.0;0.0;0.0;0.16666666666666666;0.0;0.22916666666666666
relational and logic programming;active object programming;6.25e-2;0.0;0.0;0.0;0.16666666666666666;0.0;0.22916666666666666
relational and logic programming;concurrent constraint programming;0.11904761904761904;0.0;0.16666666666666666;0.16666666666666666;0.16666666666666666;0.16666666666666666;0.7857142857142856
relational and logic programming;continuous synchronous programming;5.555555555555555e-2;0.0;0.0;0.0;0.16666666666666666;0.0;0.2222222222222222
relational and logic programming;lazy concurrent constraint programming;0.10416666666666666;0.0;0.0;0.16666666666666666;0.16666666666666666;0.16666666666666666;0.6041666666666666
relational and logic programming;discrete synchronous programming;4.9999999999999996e-2;0.0;0.0;0.0;0.16666666666666666;0.16666666666666666;0.3833333333333333
monotonic dataflow programming;declarative concurrent programming;0.16666666666666666;0.0;0.0;0.16666666666666666;0.16666666666666666;0.16666666666666666;0.6666666666666666
monotonic dataflow programming;adt imperative programming;7.142857142857142e-2;0.0;0.0;0.0;0.16666666666666666;0.16666666666666666;0.40476190476190477
monotonic dataflow programming;multi agent programming;0.1111111111111111;0.0;0.0;0.0;0.16666666666666666;0.0;0.2777777777777778
monotonic dataflow programming;shared state concurrent programming;0.1111111111111111;0.0;0.0;0.0;0.16666666666666666;0.0;0.2777777777777778
monotonic dataflow programming;concurrent object oriented programming;0.1111111111111111;0.0;0.0;0.0;0.16666666666666666;0.0;0.2777777777777778
monotonic dataflow programming;constraint logic programming;6.25e-2;0.0;0.0;0.0;0.16666666666666666;0.16666666666666666;0.3958333333333333
monotonic dataflow programming;lazy declarative concurrent programming;0.1388888888888889;0.0;0.0;0.0;0.16666666666666666;0.16666666666666666;0.4722222222222222
monotonic dataflow programming;nonmonotonic dataflow programming;0.1388888888888889;0.0;0.16666666666666666;0.0;0.16666666666666666;0.0;0.4722222222222222
monotonic dataflow programming;multi agent dataflow programming;0.1388888888888889;0.0;0.16666666666666666;0.0;0.16666666666666666;0.0;0.4722222222222222
monotonic dataflow programming;active object programming;9.523809523809523e-2;0.0;0.0;0.0;0.16666666666666666;0.0;0.26190476190476186
monotonic dataflow programming;concurrent constraint programming;8.333333333333333e-2;0.0;0.0;0.0;0.16666666666666666;0.16666666666666666;0.41666666666666663
monotonic dataflow programming;continuous synchronous programming;0.11904761904761904;0.0;0.16666666666666666;0.0;0.16666666666666666;0.0;0.45238095238095233
monotonic dataflow programming;lazy concurrent constraint programming;7.407407407407407e-2;0.0;0.0;0.0;0.16666666666666666;0.16666666666666666;0.4074074074074074
monotonic dataflow programming;discrete synchronous programming;0.10416666666666666;0.0;0.0;0.0;0.16666666666666666;0.16666666666666666;0.4375
declarative concurrent programming;adt imperative programming;7.142857142857142e-2;0.0;0.0;0.0;0.16666666666666666;0.16666666666666666;0.40476190476190477
declarative concurrent programming;multi agent programming;0.1111111111111111;0.0;0.0;0.0;0.16666666666666666;0.0;0.2777777777777778
declarative concurrent programming;shared state concurrent programming;0.1111111111111111;0.0;0.0;0.0;0.16666666666666666;0.0;0.2777777777777778
declarative concurrent programming;concurrent object oriented programming;0.1111111111111111;0.0;0.0;0.0;0.16666666666666666;0.0;0.2777777777777778
declarative concurrent programming;constraint logic programming;6.25e-2;0.0;0.0;0.0;0.16666666666666666;0.16666666666666666;0.3958333333333333
declarative concurrent programming;lazy declarative concurrent programming;0.1388888888888889;0.0;0.16666666666666666;0.0;0.16666666666666666;0.16666666666666666;0.6388888888888888
declarative concurrent programming;nonmonotonic dataflow programming;0.1388888888888889;0.0;0.0;0.0;0.16666666666666666;0.0;0.3055555555555556
declarative concurrent programming;multi agent dataflow programming;0.1388888888888889;0.0;0.0;0.0;0.16666666666666666;0.0;0.3055555555555556
declarative concurrent programming;active object programming;9.523809523809523e-2;0.0;0.0;0.0;0.16666666666666666;0.0;0.26190476190476186
declarative concurrent programming;concurrent constraint programming;8.333333333333333e-2;0.0;0.0;0.0;0.16666666666666666;0.16666666666666666;0.41666666666666663
declarative concurrent programming;continuous synchronous programming;0.11904761904761904;0.0;0.0;0.0;0.16666666666666666;0.0;0.2857142857142857
declarative concurrent programming;lazy concurrent constraint programming;7.407407407407407e-2;0.0;0.0;0.0;0.16666666666666666;0.16666666666666666;0.4074074074074074
declarative concurrent programming;discrete synchronous programming;0.10416666666666666;0.0;0.0;0.0;0.16666666666666666;0.16666666666666666;0.4375
adt imperative programming;multi agent programming;7.142857142857142e-2;0.0;0.0;0.0;0.16666666666666666;0.0;0.23809523809523808
adt imperative programming;shared state concurrent programming;0.1111111111111111;0.0;0.0;0.16666666666666666;0.16666666666666666;0.0;0.4444444444444444
adt imperative programming;concurrent object oriented programming;0.1111111111111111;0.0;0.0;0.16666666666666666;0.16666666666666666;0.0;0.4444444444444444
adt imperative programming;constraint logic programming;6.25e-2;0.0;0.0;0.0;0.16666666666666666;0.16666666666666666;0.3958333333333333
adt imperative programming;lazy declarative concurrent programming;6.25e-2;0.0;0.0;0.0;0.16666666666666666;0.16666666666666666;0.3958333333333333
adt imperative programming;nonmonotonic dataflow programming;6.25e-2;0.0;0.0;0.0;0.16666666666666666;0.0;0.22916666666666666
adt imperative programming;multi agent dataflow programming;6.25e-2;0.0;0.0;0.0;0.16666666666666666;0.0;0.22916666666666666
adt imperative programming;active object programming;6.25e-2;0.0;0.0;0.0;0.16666666666666666;0.0;0.22916666666666666
adt imperative programming;concurrent constraint programming;5.555555555555555e-2;0.0;0.0;0.0;0.16666666666666666;0.16666666666666666;0.38888888888888884
adt imperative programming;continuous synchronous programming;5.555555555555555e-2;0.0;0.0;0.0;0.16666666666666666;0.0;0.2222222222222222
adt imperative programming;lazy concurrent constraint programming;4.9999999999999996e-2;0.0;0.0;0.0;0.16666666666666666;0.16666666666666666;0.3833333333333333
adt imperative programming;discrete synchronous programming;4.9999999999999996e-2;0.0;0.0;0.0;0.16666666666666666;0.16666666666666666;0.3833333333333333
multi agent programming;shared state concurrent programming;0.1111111111111111;0.0;0.0;0.0;0.16666666666666666;0.16666666666666666;0.4444444444444444
multi agent programming;concurrent object oriented programming;0.1111111111111111;0.0;0.0;0.0;0.16666666666666666;0.16666666666666666;0.4444444444444444
multi agent programming;constraint logic programming;6.25e-2;0.0;0.0;0.0;0.16666666666666666;0.0;0.22916666666666666
multi agent programming;lazy declarative concurrent programming;9.523809523809523e-2;0.0;0.0;0.0;0.16666666666666666;0.0;0.26190476190476186
multi agent programming;nonmonotonic dataflow programming;9.523809523809523e-2;0.0;0.0;0.0;0.16666666666666666;0.16666666666666666;0.4285714285714285
multi agent programming;multi agent dataflow programming;0.1388888888888889;0.0;0.0;0.0;0.16666666666666666;0.16666666666666666;0.4722222222222222
multi agent programming;active object programming;0.1388888888888889;0.0;0.16666666666666666;0.16666666666666666;0.16666666666666666;0.16666666666666666;0.8055555555555555
multi agent programming;concurrent constraint programming;8.333333333333333e-2;0.0;0.0;0.0;0.16666666666666666;0.0;0.25
multi agent programming;continuous synchronous programming;8.333333333333333e-2;0.0;0.0;0.0;0.16666666666666666;0.16666666666666666;0.41666666666666663
multi agent programming;lazy concurrent constraint programming;7.407407407407407e-2;0.0;0.0;0.0;0.16666666666666666;0.0;0.24074074074074073
multi agent programming;discrete synchronous programming;7.407407407407407e-2;0.0;0.0;0.0;0.16666666666666666;0.0;0.24074074074074073
shared state concurrent programming;concurrent object oriented programming;0.16666666666666666;0.0;0.0;0.16666666666666666;0.16666666666666666;0.16666666666666666;0.6666666666666666
shared state concurrent programming;constraint logic programming;6.25e-2;0.0;0.0;0.0;0.16666666666666666;0.0;0.22916666666666666
shared state concurrent programming;lazy declarative concurrent programming;9.523809523809523e-2;0.0;0.0;0.0;0.16666666666666666;0.0;0.26190476190476186
shared state concurrent programming;nonmonotonic dataflow programming;9.523809523809523e-2;0.0;0.0;0.0;0.16666666666666666;0.16666666666666666;0.4285714285714285
shared state concurrent programming;multi agent dataflow programming;9.523809523809523e-2;0.0;0.0;0.0;0.16666666666666666;0.16666666666666666;0.4285714285714285
shared state concurrent programming;active object programming;9.523809523809523e-2;0.0;0.0;0.0;0.16666666666666666;0.16666666666666666;0.4285714285714285
shared state concurrent programming;concurrent constraint programming;8.333333333333333e-2;0.0;0.0;0.0;0.16666666666666666;0.0;0.25
shared state concurrent programming;continuous synchronous programming;8.333333333333333e-2;0.0;0.0;0.0;0.16666666666666666;0.16666666666666666;0.41666666666666663
shared state concurrent programming;lazy concurrent constraint programming;7.407407407407407e-2;0.0;0.0;0.0;0.16666666666666666;0.0;0.24074074074074073
shared state concurrent programming;discrete synchronous programming;7.407407407407407e-2;0.0;0.0;0.0;0.16666666666666666;0.0;0.24074074074074073
concurrent object oriented programming;constraint logic programming;6.25e-2;0.0;0.0;0.0;0.16666666666666666;0.0;0.22916666666666666
concurrent object oriented programming;lazy declarative concurrent programming;9.523809523809523e-2;0.0;0.0;0.0;0.16666666666666666;0.0;0.26190476190476186
concurrent object oriented programming;nonmonotonic dataflow programming;9.523809523809523e-2;0.0;0.0;0.0;0.16666666666666666;0.16666666666666666;0.4285714285714285
concurrent object oriented programming;multi agent dataflow programming;9.523809523809523e-2;0.0;0.0;0.0;0.16666666666666666;0.16666666666666666;0.4285714285714285
concurrent object oriented programming;active object programming;9.523809523809523e-2;0.0;0.0;0.0;0.16666666666666666;0.16666666666666666;0.4285714285714285
concurrent object oriented programming;concurrent constraint programming;8.333333333333333e-2;0.0;0.0;0.0;0.16666666666666666;0.0;0.25
concurrent object oriented programming;continuous synchronous programming;8.333333333333333e-2;0.0;0.0;0.0;0.16666666666666666;0.16666666666666666;0.41666666666666663
concurrent object oriented programming;lazy concurrent constraint programming;7.407407407407407e-2;0.0;0.0;0.0;0.16666666666666666;0.0;0.24074074074074073
concurrent object oriented programming;discrete synchronous programming;7.407407407407407e-2;0.0;0.0;0.0;0.16666666666666666;0.0;0.24074074074074073
constraint logic programming;lazy declarative concurrent programming;5.555555555555555e-2;0.0;0.0;0.0;0.16666666666666666;0.16666666666666666;0.38888888888888884
constraint logic programming;nonmonotonic dataflow programming;5.555555555555555e-2;0.0;0.0;0.0;0.16666666666666666;0.0;0.2222222222222222
constraint logic programming;multi agent dataflow programming;5.555555555555555e-2;0.0;0.0;0.0;0.16666666666666666;0.0;0.2222222222222222
constraint logic programming;active object programming;5.555555555555555e-2;0.0;0.0;0.0;0.16666666666666666;0.0;0.2222222222222222
constraint logic programming;concurrent constraint programming;0.14285714285714285;0.0;0.16666666666666666;0.16666666666666666;0.16666666666666666;0.16666666666666666;0.8095238095238094
constraint logic programming;continuous synchronous programming;4.9999999999999996e-2;0.0;0.0;0.0;0.16666666666666666;0.0;0.21666666666666665
constraint logic programming;lazy concurrent constraint programming;0.125;0.0;0.16666666666666666;0.16666666666666666;0.16666666666666666;0.16666666666666666;0.7916666666666665
constraint logic programming;discrete synchronous programming;4.545454545454545e-2;0.0;0.0;0.0;0.16666666666666666;0.16666666666666666;0.3787878787878788
lazy declarative concurrent programming;nonmonotonic dataflow programming;0.11904761904761904;0.0;0.0;0.0;0.16666666666666666;0.0;0.2857142857142857
lazy declarative concurrent programming;multi agent dataflow programming;0.11904761904761904;0.0;0.0;0.0;0.16666666666666666;0.0;0.2857142857142857
lazy declarative concurrent programming;active object programming;8.333333333333333e-2;0.0;0.0;0.0;0.16666666666666666;0.0;0.25
lazy declarative concurrent programming;concurrent constraint programming;7.407407407407407e-2;0.0;0.0;0.0;0.16666666666666666;0.16666666666666666;0.4074074074074074
lazy declarative concurrent programming;continuous synchronous programming;0.10416666666666666;0.0;0.0;0.0;0.16666666666666666;0.0;0.2708333333333333
lazy declarative concurrent programming;lazy concurrent constraint programming;9.259259259259259e-2;0.0;0.0;0.0;0.16666666666666666;0.16666666666666666;0.42592592592592593
lazy declarative concurrent programming;discrete synchronous programming;9.259259259259259e-2;0.0;0.0;0.0;0.16666666666666666;0.16666666666666666;0.42592592592592593
nonmonotonic dataflow programming;multi agent dataflow programming;0.11904761904761904;0.0;0.0;0.0;0.16666666666666666;0.16666666666666666;0.45238095238095233
nonmonotonic dataflow programming;active object programming;8.333333333333333e-2;0.0;0.0;0.0;0.16666666666666666;0.16666666666666666;0.41666666666666663
nonmonotonic dataflow programming;concurrent constraint programming;7.407407407407407e-2;0.0;0.0;0.0;0.16666666666666666;0.0;0.24074074074074073
nonmonotonic dataflow programming;continuous synchronous programming;0.14285714285714285;0.0;0.16666666666666666;0.16666666666666666;0.16666666666666666;0.16666666666666666;0.8095238095238094
nonmonotonic dataflow programming;lazy concurrent constraint programming;6.666666666666667e-2;0.0;0.0;0.0;0.16666666666666666;0.0;0.23333333333333334
nonmonotonic dataflow programming;discrete synchronous programming;0.125;0.0;0.16666666666666666;0.16666666666666666;0.16666666666666666;0.0;0.6249999999999999
multi agent dataflow programming;active object programming;0.11904761904761904;0.0;0.0;0.0;0.16666666666666666;0.16666666666666666;0.45238095238095233
multi agent dataflow programming;concurrent constraint programming;7.407407407407407e-2;0.0;0.0;0.0;0.16666666666666666;0.0;0.24074074074074073
multi agent dataflow programming;continuous synchronous programming;0.10416666666666666;0.0;0.0;0.0;0.16666666666666666;0.16666666666666666;0.4375
multi agent dataflow programming;lazy concurrent constraint programming;6.666666666666667e-2;0.0;0.0;0.0;0.16666666666666666;0.0;0.23333333333333334
multi agent dataflow programming;discrete synchronous programming;9.259259259259259e-2;0.0;0.0;0.0;0.16666666666666666;0.0;0.25925925925925924
active object programming;concurrent constraint programming;7.407407407407407e-2;0.0;0.0;0.0;0.16666666666666666;0.0;0.24074074074074073
active object programming;continuous synchronous programming;7.407407407407407e-2;0.0;0.0;0.0;0.16666666666666666;0.16666666666666666;0.4074074074074074
active object programming;lazy concurrent constraint programming;6.666666666666667e-2;0.0;0.0;0.0;0.16666666666666666;0.0;0.23333333333333334
active object programming;discrete synchronous programming;6.666666666666667e-2;0.0;0.0;0.0;0.16666666666666666;0.0;0.23333333333333334
concurrent constraint programming;continuous synchronous programming;6.666666666666667e-2;0.0;0.0;0.0;0.16666666666666666;0.0;0.23333333333333334
concurrent constraint programming;lazy concurrent constraint programming;0.14583333333333331;0.0;0.16666666666666666;0.16666666666666666;0.16666666666666666;0.16666666666666666;0.8124999999999999
concurrent constraint programming;discrete synchronous programming;6.060606060606061e-2;0.0;0.0;0.0;0.16666666666666666;0.16666666666666666;0.3939393939393939
continuous synchronous programming;lazy concurrent constraint programming;6.060606060606061e-2;0.0;0.0;0.0;0.16666666666666666;0.0;0.22727272727272727
continuous synchronous programming;discrete synchronous programming;0.14583333333333331;0.0;0.16666666666666666;0.16666666666666666;0.16666666666666666;0.0;0.6458333333333333
lazy concurrent constraint programming;discrete synchronous programming;5.555555555555555e-2;0.0;0.0;0.0;0.16666666666666666;0.16666666666666666;0.38888888888888884